Exp #,Strain No.,Actual Plasmid,SM Lab Strain,Plasmid (GK Name),Note1,Seq1,Seq2,Type,,,,,,
R1,GK1,SM362,hU6-AsCas12a-crRNA-PER1_AB_Removed-hUBC-mCherry-T2A-puro,A+B,EnhancedAs,GCCCCTGCGCTGCTTCCCCACCA,GTCTTCAGGCAGCAGTCCAAATT,AS,,,,,,
R2,GK2,SM363,hU6-AsCas12a-crRNA-PER1_A_Removed-hUBC-mCherry-T2A-puro,A,EnhancedAs,GCCCCTGCGCTGCTTCCCCACCA,ACCGAAGCACTTCCTCTGACACT,AS,,,,,,
R3,GK3,SM403,hU6-AsCas12a-crRNA-PER1_B_Removed-hUBC-mCherry-T2A-puro,B,EnhancedAs,CAGGGAAGAGGTATCTGCAAACG,GTCTTCAGGCAGCAGTCCAAATT,AS,,,,,,
R4,GK4,SM404,hU6-AsCas12a-crRNA-PER1_A1_Removed-hUBC-mCherry-T2A-puro,A1,EnhancedAs,GCCCCTGCGCTGCTTCCCCACCA,CCCTGGCGCTCAGAAAATGCTCA,AS,,,,,,
R5,GK5,SM405,hU6-AsCas12a-crRNA-PER1_A1-A2_Removed-hUBC-mCherry-T2A-puro,A1-A2,EnhancedAs,GCCCCTGCGCTGCTTCCCCACCA,CCGGCCCCACAGCCGACTCTCAG,AS,,,,,,
R6,GK6,SM406,hU6-AsCas12a-crRNA-PER1_A1-A3_Removed-hUBC-mCherry-T2A-puro,A1-A3,EnhancedAs,GCCCCTGCGCTGCTTCCCCACCA,CCTAAAGAGGCGCAGCGTATCTC,AS,,,,,,
R7,GK7,SM407,hU6-AsCas12a-crRNA-PER1_A2-A4_Removed-hUBC-mCherry-T2A-puro,A2-A4,EnhancedAs,CCCTGGCGCTCAGAAAATGCTCA,ACCGAAGCACTTCCTCTGACACT,AS,,,,,,
R8,GK8,SM408,"Did not grow properly, hU6-AsCas12a-crRNA-PER1_A3-A4_Removed-hUBC-mCherry-T2A-puro",A3-A4,EnhancedAs,CCGGCCCCACAGCCGACTCTCAG,ACCGAAGCACTTCCTCTGACACT,AS,,,,,,
R9,GK9,SM409,hU6-AsCas12a-crRNA-PER1_A4_Removed-hUBC-mCherry-T2A-puro,A4,EnhancedAs,CCTAAAGAGGCGCAGCGTATCTC,ACCGAAGCACTTCCTCTGACACT,AS,,,,,,
R10,GK10,SM410,hU6-AsCas12a-crRNA-PER1_B1_Removed-hUBC-mCherry-T2A-puro,B1,EnhancedAs,CAGGGAAGAGGTATCTGCAAACG,GGTGTGATCTCCCCTAACCCAGG,AS,,,,,,
R11,GK11,SM411,hU6-AsCas12a-crRNA-PER1_B1-B2_Removed-hUBC-mCherry-T2A-puro,B1-B2,EnhancedAs,CAGGGAAGAGGTATCTGCAAACG,GGAGGCGGCCAGCCCGAGAGGGC,AS,,,,,,
R12,GK12,SM412,hU6-AsCas12a-crRNA-PER1_B1-B3_Removed-hUBC-mCherry-T2A-puro,B1-B3,EnhancedAs,CAGGGAAGAGGTATCTGCAAACG,GGAGAGAGGAAAAGCCAGAGCTG,AS,,,,,,
R13,GK13,SM413,hU6-AsCas12a-crRNA-PER1_B2-B4_Removed-hUBC-mCherry-T2A-puro,B2-B4,EnhancedAs,GGTGTGATCTCCCCTAACCCAGG,GTCTTCAGGCAGCAGTCCAAATT,AS,,,,,,
R14,GK14,SM414,hU6-AsCas12a-crRNA-PER1_B3-B4_Removed-hUBC-mCherry-T2A-puro,B3-B4,EnhancedAs,GGAGGCGGCCAGCCCGAGAGGGC,GTCTTCAGGCAGCAGTCCAAATT,AS,,,,,,
R15,GK15,SM415,hU6-AsCas12a-crRNA-PER1_B4_Removed-hUBC-mCherry-T2A-puro,B4,EnhancedAs,GGAGAGAGGAAAAGCCAGAGCTG,GTCTTCAGGCAGCAGTCCAAATT,AS,,,,,,
R16,GK16,SM416,hU6-AsCas12a-crRNA-PER1_grnaPreA_Removed-hUBC-mCherry-T2A-puro,grnaPreA,EnhancedAs,GCCCCTGCGCTGCTTCCCCACCA,AAGGCATTCTTAAATTCCTTATT,AS,,,,,,
R17,GK17,SM417,hU6-AsCas12a-crRNA-PER1_grnaPostA_Removed-hUBC-mCherry-T2A-puro,grnaPostA,EnhancedAs,ACCGAAGCACTTCCTCTGACACT,AAGGCATTCTTAAATTCCTTATT,AS,,,,,,
R18,GK18,SM418,"Did not grow properly,, hU6-AsCas12a-crRNA-PER1_grnaPreB_Removed-hUBC-mCherry-T2A-puro",grnaPreB,EnhancedAs,CAGGGAAGAGGTATCTGCAAACG,AAGGCATTCTTAAATTCCTTATT,AS,,,,,,
R19,GK19,SM419,hU6-AsCas12a-crRNA-PER1_grnaPostB_Removed-hUBC-mCherry-T2A-puro,grnaPostB,EnhancedAs,GTCTTCAGGCAGCAGTCCAAATT,AAGGCATTCTTAAATTCCTTATT,AS,,,,,,
R20,GK20,SM365,hU6-AsCas12a-crRNA-Olfactory_Control-hUBC-mCherry-T2A-puro,Control,EnhancedAs,AAGGCATTCTTAAATTCCTTATT,AATCCCATCATCTATGGCATGAG,AS,,,,,,
R21,GK21,SM364,hU6-AsCas12a-crRNA-PER1_Removed-hUBC-mCherry-T2A-puro,PER1ko,EnhancedAs,ACTACGCGGCACACACCCAGCTG,CCCCAGCTACAGGCACGTTCAAG,AS,,,,,,
